url,Title,Meta Description,H1,Content
https://neumeisterhydraulik.hotbytes.rocks/home,Neumeister Hydraulik: Home,,Seit 1929 als Hydraulikhersteller erfolgreich im Markt,
https://neumeisterhydraulik.hotbytes.rocks/home/services,Neumeister Hydraulik: Services,,Vertrieb,
https://neumeisterhydraulik.hotbytes.rocks/opt-out,Neumeister Hydraulik: Opt-Out,,,
https://neumeisterhydraulik.hotbytes.rocks/home/ventile,Neumeister Hydraulik: VENTILE,,Verschiedentliche Wege-,
https://neumeisterhydraulik.hotbytes.rocks/home/produkte,Neumeister Hydraulik: Produkte,,,
https://neumeisterhydraulik.hotbytes.rocks/home/unternehmen/aktuelles/presse,Neumeister Hydraulik: AKTUELLES/PRESSE,,,
https://neumeisterhydraulik.hotbytes.rocks/home/einsatzbereich,Neumeister Hydraulik: einsatzbereich,,Maßgeschneiderte Lösungen für Ihre anspruchsvollen Anforderungen!,
https://neumeisterhydraulik.hotbytes.rocks/home/unternehmen/referenzen,Neumeister Hydraulik: REFERENZEN,,,
https://neumeisterhydraulik.hotbytes.rocks/home/karriere/ausbildung-/-praktikum,Neumeister Hydraulik: AUSBILDUNG / PRAKTIKUM,,Neumeister Hydraulik steht für Qualität - und bildet aus.,
https://neumeisterhydraulik.hotbytes.rocks/home/doppelt-wirkende-zylinder,Neumeister Hydraulik: DOPPELTWIRKENDE ZYLINDER,,Doppeltwirkende Zylinder aus dem Großzylinder-Programm von Neumeister werden z.B. als Betätigungszylinder im Stahlwasserbau betrieben.,
https://neumeisterhydraulik.hotbytes.rocks/home/services/service-u-support,Neumeister Hydraulik: SERVICE u. SUPPORT,,,
https://neumeisterhydraulik.hotbytes.rocks/home/initiativ-bewerbung,Neumeister Hydraulik: INITIATIV-BEWERBUNG,,Kommen Sie ins Team NEUMEISTER!,
https://neumeisterhydraulik.hotbytes.rocks/home/teleskopzylinder,Neumeister Hydraulik: TELESKOPZYLINDER,,Alle Teleskop-Zylinder aus dem Hause Neumeister durchlaufen vor Auslieferung ein zertifiziertes Prüfprogramm.,
https://neumeisterhydraulik.hotbytes.rocks/home/services/vertrieb,Neumeister Hydraulik: VERTRIEB,,Neumeister Hydraulik steht für eine fundierte Beratung -,
https://neumeisterhydraulik.hotbytes.rocks/home/einfach-wirkende-zylinder,Neumeister Hydraulik: EINFACHWIRKENDE ZYLINDER,,Einfachwirkende Zylinder von NH werden in der Schwerlastindustrie aber auch bei Dachliftanlagen eingesetzt.,
https://neumeisterhydraulik.hotbytes.rocks/fr/home,Neumeister Hydraulik: Home,,En tant que fabricant de produits hydrauliques présent avec succès sur le marché depuis 1929,
https://neumeisterhydraulik.hotbytes.rocks/en/home,Neumeister Hydraulik: Home,,Since 1929 successful in the market as a hydraulics manufacturer,
https://neumeisterhydraulik.hotbytes.rocks/home/neumeister-als-arbeitgeber,Neumeister Hydraulik: NEUMEISTER als ARBEITGEBER,,Rund 300 Mitarbeiterinnen und Mitarbeitern,
https://neumeisterhydraulik.hotbytes.rocks/home/sonderzylinder,Neumeister Hydraulik: SONDERZYLINDER,,Für Logistik und Bauwirtschaft unentbehrlich: die Wipp-Zylinder aus Neuenstadt ermöglichen passgenaues Arbeiten und optimale Geräte-Navigation bei herausforderndem Platzbedarf.,
https://neumeisterhydraulik.hotbytes.rocks/home/unternehmen/geschichte,Neumeister Hydraulik: GESCHICHTE,,Pioniergeist,
https://neumeisterhydraulik.hotbytes.rocks/agbs,Neumeister Hydraulik: AGBs,,,
https://neumeisterhydraulik.hotbytes.rocks/home/einsatzbereich/airport-equipment-gse,Neumeister Hydraulik: AIRPORT EQUIPMENT GSE,,Stangenlose Flugzeugschlepper mit Klemm- und Hubzylindern aus dem Hause Neumeister.,
https://neumeisterhydraulik.hotbytes.rocks/home/unternehmen/ueber-uns,Neumeister Hydraulik: ÜBER UNS,,Neumeister Hydraulik,
https://neumeisterhydraulik.hotbytes.rocks/home/einsatzbereich/stahlwasserbau,Neumeister Hydraulik: STAHLWASSERBAU,,Die qualitativ hochwertigen Zylinder vom Hydraulik-Spezialisten Neumeister werden gern für einen sicheren Betrieb der Anlagen eingesetzt.,
https://neumeisterhydraulik.hotbytes.rocks/home/unternehmen,Neumeister Hydraulik: Unternehmen,,Die großzügigen Produktionsflächen des Neuenstädter Hydraulik-Spezialisten Neumeister liegen verkehrsgünstig an der Autobahnabfahrt der A 81.,
https://neumeisterhydraulik.hotbytes.rocks/home/einsatzbereich/mobilkrane,Neumeister Hydraulik: MOBILKRANE,,Neumeister Hydraulik liefert hydraulische Komplett-Lösungen für Mobilkrane,
https://neumeisterhydraulik.hotbytes.rocks/home/einsatzbereich/industrie-/anlagenbau,Neumeister Hydraulik: INDUSTRIE-/ANLAGENBAU,,Am Fähranleger in Puttgarden sind Großzylinder von Neumeister Hydraulik unermüdlich in Bewegung.,
https://neumeisterhydraulik.hotbytes.rocks/impressum-und-datenschutz,Neumeister Hydraulik: Impressum und Datenschutz,,,
https://neumeisterhydraulik.hotbytes.rocks/home/karriere/offene-stellen,Neumeister Hydraulik: OFFENE STELLEN,,Kommen Sie ins Team NEUMEISTER!,
https://neumeisterhydraulik.hotbytes.rocks/home/services/kontakt,Neumeister Hydraulik: KONTAKT,,,
https://neumeisterhydraulik.hotbytes.rocks/home/produkt-katalog/katalog-login,Neumeister Hydraulik: Katalog - Login,,Von A wie Achsausgleichhydraulik bis Z wie Zwillings-Rückschlagventil -,
https://neumeisterhydraulik.hotbytes.rocks/home/karriere,Neumeister Hydraulik: Karriere,,Neumeister Hydraulik ist,
https://neumeisterhydraulik.hotbytes.rocks/home/downloads,Neumeister Hydraulik: DOWNLOADS,,,
https://neumeisterhydraulik.hotbytes.rocks/home/aggregate-/-elektronik,Neumeister Hydraulik: AGGREGATE / ELEKTRONIK,,NH's Hydro- und Kompaktaggregate,
https://neumeisterhydraulik.hotbytes.rocks/home/unternehmen/anfahrt,Neumeister Hydraulik: ANFAHRT,,,
https://neumeisterhydraulik.hotbytes.rocks/home/einsatzbereich/kipphydraulik,Neumeister Hydraulik: KIPPHYDRAULIK,,Teleskopzylinder von Neumeister Hydraulik werden in Schüttgut-Transportern verbaut.,
https://neumeisterhydraulik.hotbytes.rocks/home/produkt-katalog/katalog-registrierung,Neumeister Hydraulik: Katalog - Registrierung,,,
https://neumeisterhydraulik.hotbytes.rocks/home/einsatzbereich/sonderfahrzeuge,Neumeister Hydraulik: SONDERFAHRZEUGE,,Transport glühender Schlacke oder sicherer Stand von mobilen Funk-Antennenmasten – mit NH-Produkten ist alles möglich.,
https://neumeisterhydraulik.hotbytes.rocks/home/einsatzbereich/bohrtechnologie,Neumeister Hydraulik: BOHRTECHNOLOGIE,,Mobil oder stationär? Die Kunden entscheiden,
https://neumeisterhydraulik.hotbytes.rocks/home/karriere/offene-stellen/detail/zerspanungsmechaniker-m-w-d-drehtechnik,Neumeister Hydraulik: Zerspanungsmechaniker (m/w/d), Schwerpunkt Drehtechnik,Zum weiteren Ausbau unserer Fertigung suchen wir in Vollzeit einen qualifizierten,
https://neumeisterhydraulik.hotbytes.rocks/fr/opt-out,Neumeister Hydraulik: Opt-Out,,,
https://neumeisterhydraulik.hotbytes.rocks/en/opt-out,Neumeister Hydraulik: Opt-Out,,,
https://neumeisterhydraulik.hotbytes.rocks/fr/home/services,Neumeister Hydraulik: Services,,Service commercial,
https://neumeisterhydraulik.hotbytes.rocks/en/home/services,Neumeister Hydraulik: Services,,Sales,
https://neumeisterhydraulik.hotbytes.rocks/fr/home/produits/valves,Neumeister Hydraulik: VALVES,,Diverses valves de distribution,
https://neumeisterhydraulik.hotbytes.rocks/en/home/products/valves,Neumeister Hydraulik: VALVES,,Various kinds of directional control valves,
https://neumeisterhydraulik.hotbytes.rocks/fr/home/produits,Neumeister Hydraulik: Produits,,,
https://neumeisterhydraulik.hotbytes.rocks/home/unternehmen/aktuelles/presse/90-jahre-neumeister-hydraulik-90-jahre-in-bewegung,Neumeister Hydraulik: 90 Jahre Neumeister Hydraulik – 90 Jahre in Bewegung,Der Hydraulik-Spezialist Neumeister Hydraulik GmbH, der in diesem Jahr sein 90-jähriges Firmenjubiläum begeht,
https://neumeisterhydraulik.hotbytes.rocks/en/home/products,Neumeister Hydraulik: Products,,,
https://neumeisterhydraulik.hotbytes.rocks/home/einsatzbereich/transport,Neumeister Hydraulik: TRANSPORT,,Schwerlasttransporter mit Achsausgleichs-,
https://neumeisterhydraulik.hotbytes.rocks/home/unternehmen/aktuelles/presse/auf-knopfdruck-rampe-heben-und-sichern,Neumeister Hydraulik: Auf Knopfdruck Rampe heben und sichern,Neumeister Hydraulik präsentiert innovativen Rampenhebezylinder mit automatischer Verriegelung auf der Agritechnica 2019:,,
https://neumeisterhydraulik.hotbytes.rocks/home/unternehmen/aktuelles/presse/steuerungen-vom-komplett-anbieter-neumeister-hydraulik,Neumeister Hydraulik: Steuerungen vom Komplett-Anbieter,Alles aus einer Hand – die System-Lösungen aus dem Hause Neumeister Hydraulik zeichnen sich durch hohe Flexibilität mit Kundenorientierung und einem reibungslosen und strukturierten Projektverlauf aus.,,
https://neumeisterhydraulik.hotbytes.rocks/home/unternehmen/aktuelles/presse/neumeister-hydraulik-bietet-interaktive-produktkonfiguration,Neumeister Hydraulik: Neumeister Hydraulik bietet interaktive Produktkonfiguration,Produktinformationen sowie Konstruktionsdaten für Standardzylinder sind nun online und interaktiv verfügbar!,,
https://neumeisterhydraulik.hotbytes.rocks/home/unternehmen/aktuelles/presse/iaa-transportation-2024-messestand-von-neumeister-hydraulik,Neumeister Hydraulik: IAA TRANSPORTATION 2024 - Messestand von Neumeister Hydraulik,... an altbekannter Stelle, in Halle 26 am Stand E 36!,
https://neumeisterhydraulik.hotbytes.rocks/home/unternehmen/aktuelles/presse/neumeister-hydraulik-wurde-als-ehrenamtsfreundlicher-arbeitgeber-im-bevoelkerungsschutz-geehrt,Neumeister Hydraulik: Neumeister Hydraulik wurde als ehrenamtsfreundlicher Arbeitgeber im Bevölkerungsschutz geehrt,Am 18. Oktober wurde Neumeister Hydraulik GmbH als Ehrenamtsfreundlicher Arbeitgeber im Bevölkerungsschutz geehrt. Die Verleihung erfolgte durch Innenminister Thomas Strobl im Alfred-Kärcher-Auditorium in Winnenden.,,
https://neumeisterhydraulik.hotbytes.rocks/home/unternehmen/aktuelles/presse/impressionen-neumeister-hydraulik-bei-der-iaa-und-bei-der-bauma-2022,Neumeister Hydraulik: Impressionen - Neumeister Hydraulik bei der IAA und bei der bauma 2022,Nach zwei Jahren pandemiebedingter Pause durfte Neumeister Hydraulik Kunden und Interessenten wieder persönlich auf der Messe begrüßen. Ob bei der IAA in Hannover oder auf der bauma in München, die Begegnungen,
https://neumeisterhydraulik.hotbytes.rocks/home/unternehmen/aktuelles/presse/schlauchbruchsicherungsventil-mehr-sicherheit-bei-hydraulischen-achsabstuetzungen,Neumeister Hydraulik: Schlauchbruchsicherungsventil - mehr Sicherheit bei hydraulischen Achsabstützungen,Die Absicherung von Achsausgleichzylindern gegen unbeabsichtigtes Absinken bei Beschädigung einer Schlauch- oder Rohrleitungsverbindung ist ein wichtiges, sicherheitsrelevantes Thema. Der Neuenstadter Hydraulikspezialist Neumeister Hydraulik hat hierfür ein neues,
https://neumeisterhydraulik.hotbytes.rocks/home/unternehmen/aktuelles/presse/inhouse-reparatur-mit-hersteller-know-how,Neumeister Hydraulik: „Inhouse“-Reparatur mit Hersteller – Know-how,Markenübergreifender Reparaturservice am Firmenstandort Neuenstadt,,
https://neumeisterhydraulik.hotbytes.rocks/home/unternehmen/aktuelles/presse/neumeister-hydraulik-steht-fuer-qualitaet,Neumeister Hydraulik: Neumeister Hydraulik steht für Qualität,Regelmäßige, erfolgreiche Re-Zertifizierungen nach den externen,
https://neumeisterhydraulik.hotbytes.rocks/home/unternehmen/aktuelles/presse/neues-ventil-fuer-besondere-einsatzbereich,Neumeister Hydraulik: Neues Ventil für besondere einsatzbereich,Das Doppel-Rückschlagventil RVDE6-2, hydraulisch entsperrbar in redundanter Ausführung,
https://neumeisterhydraulik.hotbytes.rocks/fr/home/applications,Neumeister Hydraulik: Applications,,Des solutions sur mesure pour vos besoins les plus exigeants!,
https://neumeisterhydraulik.hotbytes.rocks/en/home/application-fields,Neumeister Hydraulik: Application fields,,Customized solutions for your superior requirements!,
https://neumeisterhydraulik.hotbytes.rocks/en/home/company/references,Neumeister Hydraulik: REFERENCES,,,
https://neumeisterhydraulik.hotbytes.rocks/fr/home/entreprise/references,Neumeister Hydraulik: RÉFÉRENCES,,,
https://neumeisterhydraulik.hotbytes.rocks/home/unternehmen/aktuelles/presse/wegmesssystem-fuer-teleskopzylinder,Neumeister Hydraulik: Wegmess-System für Teleskopzylinder,Neumeister Hydraulik entwickelt Teleskopzylinder mit berührungslosem Messverfahren: Innovative Möglichkeiten in der Anwendung von Teleskopzylindern bietet das Wegmesssystem von Neumeister Hydraulik. Das Herzstück der Technologie ist ein Seilzugwegsensor, der berührungslos die Position des Zylinderkolbens an die außen liegende Auswerteelektronik übermittelt. Mit dieser Technologie steht nun auch für mehrstufige Hydraulikzylinder ein zuverlässiges Messverfahren zur Verfügung.,
https://neumeisterhydraulik.hotbytes.rocks/en/home/products/double-acting-cylinders,Neumeister Hydraulik: DOUBLE-ACTING CYLINDERS,,Double-acting cylinders out of the Neumeister large cylinder program are operated i.e. as an actuating cylinder in the steel hydraulics construction.,
https://neumeisterhydraulik.hotbytes.rocks/fr/home/produits/verins-a-double-effet,Neumeister Hydraulik: VÉRINS À DOUBLE EFFET,,Les vérins à double effet de la gamme « grands vérins » Neumeister sont par exemple utilisés comme vérins de commande sur ouvrages hydrauliques en acier.,
https://neumeisterhydraulik.hotbytes.rocks/fr/home/services/service-support,Neumeister Hydraulik: SERVICE & SUPPORT,,,
https://neumeisterhydraulik.hotbytes.rocks/en/home/services/service-support,Neumeister Hydraulik: SERVICE & SUPPORT,,,
https://neumeisterhydraulik.hotbytes.rocks/fr/home/produits/verins-telescopiques,Neumeister Hydraulik: VÉRINS TÉLESCOPIQUES,,Tous les vérins télescopiques Neumeister passent au banc hydraulique et subissent un test certifié avant expédition.,
https://neumeisterhydraulik.hotbytes.rocks/en/home/products/telescopic-cylinders,Neumeister Hydraulik: TELESCOPIC CYLINDERS,,All telescopic cylinders from Neumeister,
https://neumeisterhydraulik.hotbytes.rocks/fr/home/services/ventes,Neumeister Hydraulik: VENTES,,Neumeister Hydraulik est synonyme de conseils avisés - l'expérience acquise par le biais de milliers d’applications se retrouve dans chaque nouveau produit.,
https://neumeisterhydraulik.hotbytes.rocks/en/home/services/sales,Neumeister Hydraulik: SALES,,Neumeister Hydraulik stands for well-founded advice -,
https://neumeisterhydraulik.hotbytes.rocks/en/home/products/single-acting-cylinders,Neumeister Hydraulik: SINGLE-ACTING CYLINDERS,,Single-acting cylinders from NH,
https://neumeisterhydraulik.hotbytes.rocks/fr/home/produits/verins-a-simple-effet,Neumeister Hydraulik: VÉRINS À SIMPLE EFFET,,Les vérins à simple effet Neumeister sont utilisés dans l'industrie lourde mais aussi utilisés pour des systèmes de levage de toit sur remorques.,
https://neumeisterhydraulik.hotbytes.rocks/fr/home/translate-to-franzoesisch-produkte/translate-to-franzoesisch-sonderzylinder,Neumeister Hydraulik: VÉRINS SPÉCIAUX,,Indispensable pour la logistique et le secteur de la construction: les vérins d’inclinaison Neumeister permettent des mouvements et un travail précis dans les espaces restreints et difficiles.,
https://neumeisterhydraulik.hotbytes.rocks/fr/home/applications/grues-mobiles,Neumeister Hydraulik: GRUES MOBILES,,Neumeister Hydraulik fournit des solutions hydrauliques complètes pour grues mobiles en opération dans le monde entier et très souvent soumises à des conditions climatiques extrêmes.,
https://neumeisterhydraulik.hotbytes.rocks/fr/home/applications/equipements-aeroportuaires,Neumeister Hydraulik: EQUIPEMENTS AÉROPORTUAIRES,,Remorqueurs d'avion sans timon,
https://neumeisterhydraulik.hotbytes.rocks/fr/home/services/downloads,Neumeister Hydraulik: DOWNLOADS,,,
https://neumeisterhydraulik.hotbytes.rocks/fr/home/produits/catalogue-de-produits/catalogue-connexion,Neumeister Hydraulik: Catalogue - connexion,,De clapets anti-retour double,
https://neumeisterhydraulik.hotbytes.rocks/fr/home/entreprise/histoire,Neumeister Hydraulik: HISTOIRE,,Un esprit pionnier,
https://neumeisterhydraulik.hotbytes.rocks/fr/mentions-legales-protection-des-donnees,Neumeister Hydraulik: Mentions légales - Protection des données,,,
https://neumeisterhydraulik.hotbytes.rocks/fr/home/applications/vehicules-speciaux,Neumeister Hydraulik: VÉHICULES SPÉCIAUX,,Transport de scories incandescentes ou mise en sécurité de mâts d'antennes mobiles – avec les produits Neumeister,
https://neumeisterhydraulik.hotbytes.rocks/fr/conditions-generales,Neumeister Hydraulik: Conditions générales,,,
https://neumeisterhydraulik.hotbytes.rocks/fr/home/applications/foreuses,Neumeister Hydraulik: FOREUSES,,Mobile ou stationnaire?,
https://neumeisterhydraulik.hotbytes.rocks/fr/home/applications/systemes-stationnaires,Neumeister Hydraulik: CONSTRUCTION INDUSTRIELLE / INSTALLATION,,A la gare maritime de Puttgarden,
https://neumeisterhydraulik.hotbytes.rocks/fr/home/produits/centrales-hydrauliques-/-electronique,Neumeister Hydraulik: CENTRALES HYDRAULIQUES / ÉLECTRONIQUE,,Les groupes hydrauliques et mini power packs Neumeister,
https://neumeisterhydraulik.hotbytes.rocks/fr/home/applications/hydraulique-de-bennage,Neumeister Hydraulik: HYDRAULIQUE DE BENNAGE,,Les vérins télescopiques Neumeister Hydraulik,
https://neumeisterhydraulik.hotbytes.rocks/fr/home/entreprise/nous-trouver,Neumeister Hydraulik: NOUS TROUVER,,,
https://neumeisterhydraulik.hotbytes.rocks/fr/home/applications/transport,Neumeister Hydraulik: TRANSPORT,,Modules de transport pour charges lourdes avec vérins de suspension,
https://neumeisterhydraulik.hotbytes.rocks/fr/home/services/contact,Neumeister Hydraulik: CONTACT,,,
https://neumeisterhydraulik.hotbytes.rocks/fr/home/entreprise,Neumeister Hydraulik: Entreprise,,,
https://neumeisterhydraulik.hotbytes.rocks/fr/home/applications/structures-hydrauliques-en-acier,Neumeister Hydraulik: STRUCTURES HYDRAULIQUES EN ACIER,,Les vérins haute qualité du spécialiste hydraulique Neumeister sont appliqués pour garantir un fonctionnement sûr des systèmes.,
https://neumeisterhydraulik.hotbytes.rocks/en/home/products/special-cylinders,Neumeister Hydraulik: SPECIAL CYLINDERS,,Essential for logistics and the construction industry: The luffing cylinders from Neuenstadt enable precise work and an optimal device navigation.,
https://neumeisterhydraulik.hotbytes.rocks/en/home/application-fields/mobile-cranes,Neumeister Hydraulik: MOBILE CRANES,,Neumeister Hydraulik supplies complete hydraulic solutions for mobile cranes being in use worldwide and often are exposed to extreme weather conditions.,
https://neumeisterhydraulik.hotbytes.rocks/en/home/application-fields/special-vehicles,Neumeister Hydraulik: SPECIAL VEHICLES,,You have to transport glowing slag or to make a secure stand for mobile radio antenna masts? Everything is possible with products from Neumeister,
https://neumeisterhydraulik.hotbytes.rocks/en/home/products/power-packs-/-electronic-units,Neumeister Hydraulik: POWER PACKS / ELECTRONIC UNITS,,NH's hydraulic and compact power packs,
https://neumeisterhydraulik.hotbytes.rocks/fr/home/entreprise/de-nous,Neumeister Hydraulik: À PROPOS DE NOUS,,Neumeister Hydraulik,
https://neumeisterhydraulik.hotbytes.rocks/en/home/services/contacts,Neumeister Hydraulik: CONTACTS,,,
https://neumeisterhydraulik.hotbytes.rocks/en/home/products/product-catalog/catalog-login,Neumeister Hydraulik: Catalog - Login,,Products from A to Z ...,
https://neumeisterhydraulik.hotbytes.rocks/en/home/application-fields/transport,Neumeister Hydraulik: TRANSPORTATION,,Heavy-duty transporter equipped with various cylinder types (axle compensation-,
https://neumeisterhydraulik.hotbytes.rocks/en/home/application-fields/steady-state-constructions,Neumeister Hydraulik: STEADY-STATE CONSTRUCTIONS,,At the ferry terminal in Puttgarden,
https://neumeisterhydraulik.hotbytes.rocks/en/home/company/history,Neumeister Hydraulik: HISTORY,,A pioneering spirit,
https://neumeisterhydraulik.hotbytes.rocks/en/home/application-fields/steel-hydraulics-construction,Neumeister Hydraulik: STEEL HYDRAULICS CONSTRUCTION,,The high-quality cylinders from the hydraulics specialist Neumeister are often used for a safe operation of steel hydraulics constructions and equipments.,
https://neumeisterhydraulik.hotbytes.rocks/en/imprint-and-data-privacy,Neumeister Hydraulik: Imprint and Data privacy,,,
https://neumeisterhydraulik.hotbytes.rocks/en/home/company/about-us,Neumeister Hydraulik: ABOUT US,,Neumeister Hydraulik,
https://neumeisterhydraulik.hotbytes.rocks/en/terms-conditions,Neumeister Hydraulik: Terms & Conditions,,,
https://neumeisterhydraulik.hotbytes.rocks/en/home/company,Neumeister Hydraulik: Company,,,
https://neumeisterhydraulik.hotbytes.rocks/en/home/application-fields/tipping,Neumeister Hydraulik: TIPPING,,Telescopic cylinders from Neumeister Hydraulik are also installed in bulk freight transporters.,
https://neumeisterhydraulik.hotbytes.rocks/en/home/application-fields/drilling-rigs-and-vehicles,Neumeister Hydraulik: DRILLING RIGS and VEHICLES,,Mobile or stationary?,
https://neumeisterhydraulik.hotbytes.rocks/en/home/services/downloads,Neumeister Hydraulik: DOWNLOADS,,,
https://neumeisterhydraulik.hotbytes.rocks/en/home/company/directions,Neumeister Hydraulik: DIRECTIONS,,,
https://neumeisterhydraulik.hotbytes.rocks/fileadmin/Neumeister/Downloads/Neumeister/index.html,Neumeister Hydraulik GmbH,Animated publication,,
https://neumeisterhydraulik.hotbytes.rocks/en/home/application-fields/airport-equipment-gse,Neumeister Hydraulik: AIRPORT EQUIPMENT GSE,,Rodless aircraft tugs with clamping and lifting cylinders from Neumeister.,
https://neumeisterhydraulik.hotbytes.rocks/home/karriere/offene-stellen/detail/zerspanungsmechaniker-m-w-d-fraestechnik,Neumeister Hydraulik: Zerspanungsmechaniker (m/w/d) Schwerpunkt Frästechnik,Zum weiteren Ausbau unserer Kompetenzen in unserer Fertigung suchen wir in Vollzeit einen qualifizierten,,
https://neumeisterhydraulik.hotbytes.rocks/home/karriere/offene-stellen/detail/schweisser-m-w-d,Neumeister Hydraulik: Schweißer (m/w/d),Zum weiteren Ausbau unserer Kompetenzen in unserer Fertigung suchen wir in Vollzeit einen qualifizierten,,
https://neumeisterhydraulik.hotbytes.rocks/home/karriere/offene-stellen/detail/prozessoptimierer-m-w-d,Neumeister Hydraulik: Prozessoptimierer (m/w/d),Zum weiteren Ausbau unserer Kompetenzen suchen wir in Vollzeit einen qualifizierten,,
https://neumeisterhydraulik.hotbytes.rocks/home/karriere/offene-stellen/detail/versandleiter-m-w-d,Neumeister Hydraulik: Versandleiter (m/w/d),Im Rahmen der Nachfolgeregelung suchen wir einen qualifizierten,,
https://neumeisterhydraulik.hotbytes.rocks/home/karriere/offene-stellen/detail/programmierer-m-w-d-schweissroboter,Neumeister Hydraulik: Programmierer (m/w/d) Schweißroboter,Zum weiteren Ausbau unserer Fertigung suchen wir einen qualifizierten,,
https://neumeisterhydraulik.hotbytes.rocks/home/karriere/offene-stellen/detail/qualitaetsfachkraft-m-w-d-1,Neumeister Hydraulik: Qualitätsfachkraft (m/w/d),Zum weiteren Ausbau unserer Kompetenzen in unserer Qualitätssicherung suchen wir in Vollzeit eine qualifizierte,,
https://neumeisterhydraulik.hotbytes.rocks/home/karriere/online-bewerbung-ausbildung,Neumeister Hydraulik: Online Bewerbung Ausbildung,,,
https://neumeisterhydraulik.hotbytes.rocks/fr/home/produits/catalogue-de-produits/catalogue-inscription,Neumeister Hydraulik: Catalogue - inscription,,,
https://neumeisterhydraulik.hotbytes.rocks/en/home/products/product-catalog/catalog-registration,Neumeister Hydraulik: Catalog - Registration,,,
https://neumeisterhydraulik.hotbytes.rocks/home/karriere/online-bewerbung,Neumeister Hydraulik: Online Bewerbung,,,
